{
  "baseline": {
    "avg_groundedness": 0.2692307692307692,
    "n_grounded": 13,
    "avg_citation": 0.21428571428571427,
    "n_citation": 14,
    "avg_exact_match": 0.25,
    "n_exact": 14,
    "med_latency_ms": 993.48,
    "n_latency": 15
  },
  "no_mmr": {
    "avg_groundedness": 0.23333333333333334,
    "n_grounded": 15,
    "avg_citation": 0.26666666666666666,
    "n_citation": 15,
    "avg_exact_match": 0.23333333333333334,
    "n_exact": 15,
    "med_latency_ms": 997.6,
    "n_latency": 15
  },
  "no_ngrams": {
    "avg_groundedness": 0.23333333333333334,
    "n_grounded": 15,
    "avg_citation": 0.26666666666666666,
    "n_citation": 15,
    "avg_exact_match": 0.23333333333333334,
    "n_exact": 15,
    "med_latency_ms": 847.19,
    "n_latency": 15
  },
  "small_k": {
    "avg_groundedness": 0.4,
    "n_grounded": 15,
    "avg_citation": 0.6666666666666666,
    "n_citation": 15,
    "avg_exact_match": 0.2,
    "n_exact": 15,
    "med_latency_ms": 1023.52,
    "n_latency": 15
  },
  "no_weights": {
    "avg_groundedness": 0.4,
    "n_grounded": 15,
    "avg_citation": 0.6666666666666666,
    "n_citation": 15,
    "avg_exact_match": 0.2,
    "n_exact": 15,
    "med_latency_ms": 1024.18,
    "n_latency": 15
  }
}